beta_w,alpha_w,delta_rho,k
0.0,1.0,3.5908682137252304,100
0.1,0.9,3.590868213725245,100
0.2,0.8,3.590868213725236,100
0.3,0.7,4.566371332344087,100
0.4,0.6,4.571760038194522,100
0.5,0.5,4.569800346493614,100
0.6,0.4,4.567668909622576,100
0.7,0.3,4.562880748442053,100
0.8,0.2,4.561215398529588,100
0.9,0.1,4.566773942834188,100
1.0,0.0,4.571118892066402,100
